{"cameraMode":{"drawMode":2,"name":"Shaded Wireframe","section":"Shading Mode"},"sceneLighting":true,"audioPlay":false,"sceneViewState":{"showFog":true,"showMaterialUpdate":false,"showSkybox":true,"showFlares":true,"showImageEffects":true,"showParticleSystems":true},"in2DMode":false,"pivot":{"x":0.06018026918172836,"y":1.178617000579834,"z":0.16971445083618165},"rotation":{"x":-0.02098664455115795,"y":-0.033586714416742328,"z":0.000705408921930939,"w":-0.9992151856422424},"size":6.206569194793701,"orthographic":false}